<?xml version="1.0" encoding="UTF-8"?>
<preferences>
 <debug showDebugMenu="0" />
 <systemtable filter="Default">
  <columns>
   <connections preferredWidth="175" />
   <irq preferredWidth="34" />
  </columns>
 </systemtable>
 <clocktable>
  <columns>
   <clockname preferredWidth="384" />
   <clocksource preferredWidth="383" />
   <frequency preferredWidth="364" />
  </columns>
 </clocktable>
 <window width="1570" height="933" x="281" y="77" />
 <library
   expandedCategories="Library,Library/Interface Protocols/Serial,Library/Interface Protocols,Project/Peripherals,Project,Library/Clock and Reset" />
 <hdlexample language="VHDL" />
</preferences>
